status,p4,n,expected,resid,dev
controls,A,23541992,22131365.73095469,296.74898373486013,88059.9593476723
controls,C,12285459,12268769.94324514,4.763573425972722,22.6916317846335
controls,G,17115290,16601694.089867866,125.40903849272296,15727.426935669268
controls,T,19114262,21055173.235933024,-429.7480347773203,184683.37339496892
singletons,A,3015647,4426273.269046526,-711.8863551810139,506782.1826929087
singletons,C,2437065,2453754.0567553965,-10.666199460213349,113.76781092505553
singletons,G,2806743,3320338.9101328664,-289.6372161495723,83889.71697887406
singletons,T,6151946,4211034.764068044,884.3593404185042,782091.4429854518
